{
    "$schema": "https://schema.management.azure.com/schemas/2015-01-01/deploymentParameters.json#",
    "contentVersion": "1.0.0.0",
    "parameters": {
        "virtualMachines_vm1_noelav_cloud_name": {
            "value": null
        },
        "networkInterfaces_vm1_noelav_cloud509_name": {
            "value": null
        },
        "publicIPAddresses_vm1_noelav_cloud_ip_name": {
            "value": null
        },
        "virtualNetworks_vm1_noelav_cloud_vnet_name": {
            "value": null
        },
        "networkSecurityGroups_vm1_noelav_cloud_nsg_name": {
            "value": null
        },
        "virtualNetworks_htgfrtg_externalid": {
            "value": null
        }
    }
}